serie,annee,y_pred,population_eligible,doses_par_schema,beneficiaires_couverts,doses_totales,doses_totales_arrondies
Grippe 65 ans et plus,2025,53.7,13728718.0,1.0,7372321.566000001,7372321.566000001,7372322
Grippe moins de 65 ans à risque,2025,25.3,1944568.8,1.0,491975.90640000004,491975.90640000004,491976
HPV filles 1 dose à 15 ans,2025,61.3092,404036.0,1.0,247711.239312,247711.239312,247712
HPV filles 2 doses à 16 ans,2025,50.2809,402977.0,1.0,202620.46239300002,202620.46239300002,202621
Méningocoque C 10-14 ans,2025,78.5636,4187992.0,1.0,3290237.2829119996,3290237.2829119996,3290238
Méningocoque C 15-19 ans,2025,56.8173,4140996.0,1.0,2352802.120308,2352802.120308,2352803
